<?xml version="1.0" encoding="UTF-8"?>
<root>
  <item name="com.facebook.fresco.animation.bitmap.cache.KeepLastFrameCache void onFramePrepared(int, com.facebook.common.references.CloseableReference&lt;android.graphics.Bitmap&gt;, int) 2">
    <annotation name="android.support.annotation.IntDef">
      <val name="value" val="{com.facebook.fresco.animation.bitmap.BitmapAnimationBackend.FRAME_TYPE_UNKNOWN, com.facebook.fresco.animation.bitmap.BitmapAnimationBackend.FRAME_TYPE_CACHED, com.facebook.fresco.animation.bitmap.BitmapAnimationBackend.FRAME_TYPE_REUSED, com.facebook.fresco.animation.bitmap.BitmapAnimationBackend.FRAME_TYPE_CREATED, com.facebook.fresco.animation.bitmap.BitmapAnimationBackend.FRAME_TYPE_FALLBACK}" />
    </annotation>
  </item>
  <item name="com.facebook.fresco.animation.bitmap.cache.KeepLastFrameCache void onFrameRendered(int, com.facebook.common.references.CloseableReference&lt;android.graphics.Bitmap&gt;, int) 2">
    <annotation name="android.support.annotation.IntDef">
      <val name="value" val="{com.facebook.fresco.animation.bitmap.BitmapAnimationBackend.FRAME_TYPE_UNKNOWN, com.facebook.fresco.animation.bitmap.BitmapAnimationBackend.FRAME_TYPE_CACHED, com.facebook.fresco.animation.bitmap.BitmapAnimationBackend.FRAME_TYPE_REUSED, com.facebook.fresco.animation.bitmap.BitmapAnimationBackend.FRAME_TYPE_CREATED, com.facebook.fresco.animation.bitmap.BitmapAnimationBackend.FRAME_TYPE_FALLBACK}" />
    </annotation>
  </item>
  <item name="com.facebook.fresco.animation.bitmap.cache.NoOpCache void onFramePrepared(int, com.facebook.common.references.CloseableReference&lt;android.graphics.Bitmap&gt;, int) 2">
    <annotation name="android.support.annotation.IntDef">
      <val name="value" val="{com.facebook.fresco.animation.bitmap.BitmapAnimationBackend.FRAME_TYPE_UNKNOWN, com.facebook.fresco.animation.bitmap.BitmapAnimationBackend.FRAME_TYPE_CACHED, com.facebook.fresco.animation.bitmap.BitmapAnimationBackend.FRAME_TYPE_REUSED, com.facebook.fresco.animation.bitmap.BitmapAnimationBackend.FRAME_TYPE_CREATED, com.facebook.fresco.animation.bitmap.BitmapAnimationBackend.FRAME_TYPE_FALLBACK}" />
    </annotation>
  </item>
  <item name="com.facebook.fresco.animation.bitmap.cache.NoOpCache void onFrameRendered(int, com.facebook.common.references.CloseableReference&lt;android.graphics.Bitmap&gt;, int) 2">
    <annotation name="android.support.annotation.IntDef">
      <val name="value" val="{com.facebook.fresco.animation.bitmap.BitmapAnimationBackend.FRAME_TYPE_UNKNOWN, com.facebook.fresco.animation.bitmap.BitmapAnimationBackend.FRAME_TYPE_CACHED, com.facebook.fresco.animation.bitmap.BitmapAnimationBackend.FRAME_TYPE_REUSED, com.facebook.fresco.animation.bitmap.BitmapAnimationBackend.FRAME_TYPE_CREATED, com.facebook.fresco.animation.bitmap.BitmapAnimationBackend.FRAME_TYPE_FALLBACK}" />
    </annotation>
  </item>
</root>

